[
  {
    "value": "account",
    "synonyms": [
      "account"
    ]
  },
  {
    "value": "checking",
    "synonyms": [
      "checking"
    ]
  },
  {
    "value": "savings",
    "synonyms": [
      "savings"
    ]
  },
  {
    "value": "number",
    "synonyms": [
      "number"
    ]
  },
  {
    "value": "address",
    "synonyms": [
      "address"
    ]
  },
  {
    "value": "activity",
    "synonyms": [
      "activity",
      "recent activity",
      "transactions",
      "payments",
      "checks",
      "bills",
      "sent payments",
      "pending payments"
    ]
  },
  {
    "value": "spend account",
    "synonyms": [
      "spend account",
      "checking"
    ]
  },
  {
    "value": "reserve account",
    "synonyms": [
      "reserve account"
    ]
  },
  {
    "value": "growth account",
    "synonyms": [
      "growth account",
      "savings",
      "money market"
    ]
  }
]