[
  {
    "value": "pay",
    "synonyms": [
      "pay",
      "pay my",
      "pay a"
    ]
  },
  {
    "value": "bill",
    "synonyms": [
      "bill",
      "debt"
    ]
  },
  {
    "value": "biller",
    "synonyms": [
      "biller",
      "utility",
      "water",
      "cable",
      "rent",
      "telephone",
      "cell phone",
      "mortgage"
    ]
  },
  {
    "value": "recurring",
    "synonyms": [
      "recurring",
      "automatic",
      "annual",
      "regular",
      "normal"
    ]
  },
  {
    "value": "schedule",
    "synonyms": [
      "schedule",
      "setup",
      "make my",
      "initiate",
      "pay"
    ]
  }
]